<?xml version="1.0" encoding="UTF-8"?>

<beans xmlns="http://www.springframework.org/schema/beans"
	xmlns:xsi="http://www.w3.org/2001/XMLSchema-instance"
	xsi:schemaLocation="
        http://www.springframework.org/schema/beans http://www.springframework.org/schema/beans/spring-beans.xsd">

	<bean id="add1" class="com.excelr.constructor.PAddress">
		<constructor-arg value="M G Road" ></constructor-arg>
		<constructor-arg value="Pune"></constructor-arg>
		<constructor-arg value="Maharstra"></constructor-arg>
		<constructor-arg value="India"></constructor-arg>
	</bean>
	
	<bean id="add2" class="com.excelr.constructor.PAddress">
	<constructor-arg value="Ameerpet"></constructor-arg>
	<constructor-arg value="Hyderabad"></constructor-arg>
	<constructor-arg value="Telengana"></constructor-arg>
	<constructor-arg value="India"></constructor-arg>
	
	</bean>


	<bean id="obj1" class="com.excelr.constructor.Emp">
    <constructor-arg value="1"></constructor-arg>
    <constructor-arg value="Supriya"></constructor-arg>
    <constructor-arg ref="add1"></constructor-arg>

	</bean>
	
	<bean id="obj2" class="com.excelr.constructor.Emp">
    <constructor-arg value="2"></constructor-arg>
    <constructor-arg value="Sai"></constructor-arg>
    <constructor-arg ref="add2"></constructor-arg>

	</bean>

</beans>